,terrestrial_date,min_temp
0,2012-08-16,-75.0
1,2012-08-17,-76.0
2,2012-08-18,-76.0
3,2012-08-19,-74.0
4,2012-08-20,-74.0
5,2012-08-21,-78.0
6,2012-08-22,-77.0
7,2012-08-23,-76.0
8,2012-08-27,-74.0
9,2012-08-28,-74.0
10,2012-08-29,-75.0
11,2012-08-30,-75.0
12,2012-08-31,-75.0
13,2012-09-01,-76.0
14,2012-09-02,-75.0
15,2012-09-03,-75.0
16,2012-09-04,-75.0
17,2012-09-05,-74.0
18,2012-09-06,-74.0
19,2012-09-08,-73.0
20,2012-09-10,-73.0
21,2012-09-11,-73.0
22,2012-09-12,-73.0
23,2012-09-13,-73.0
24,2012-09-14,-73.0
25,2012-09-15,-75.0
26,2012-09-16,-75.0
27,2012-09-17,-75.0
28,2012-09-18,-75.0
29,2012-09-19,-74.0
30,2012-09-20,-75.0
31,2012-09-21,-74.0
32,2012-09-22,-74.0
33,2012-09-23,-75.0
34,2012-09-24,-75.0
35,2012-09-25,-74.0
36,2012-09-26,-72.0
37,2012-09-27,-76.0
38,2012-09-28,-74.0
39,2012-09-29,-71.0
40,2012-09-30,-72.0
41,2012-10-01,-74.0
42,2012-10-02,-73.0
43,2012-10-03,-73.0
44,2012-10-04,-74.0
45,2012-10-05,-76.0
46,2012-10-06,-75.0
47,2012-10-07,-72.0
48,2012-10-08,-72.0
49,2012-10-09,-73.0
50,2012-10-10,-74.0
51,2012-10-11,-72.0
52,2012-10-12,-73.0
53,2012-10-13,-73.0
54,2012-10-14,-71.0
55,2012-10-15,-73.0
56,2012-10-17,-72.0
57,2012-10-18,-71.0
58,2012-10-19,-73.0
59,2012-10-20,-70.0
60,2012-10-21,-72.0
61,2012-10-22,-73.0
62,2012-10-23,-73.0
63,2012-10-24,-71.0
64,2012-10-25,-71.0
65,2012-10-26,-73.0
66,2012-10-27,-70.0
67,2012-10-28,-72.0
68,2012-10-29,-72.0
69,2012-10-30,-72.0
70,2012-10-31,-70.0
71,2012-11-01,-71.0
72,2012-11-02,-71.0
73,2012-11-03,-70.0
74,2012-11-04,-70.0
75,2012-11-05,-73.0
76,2012-11-06,-71.0
77,2012-11-07,-74.0
78,2012-11-08,-74.0
79,2012-11-09,-72.0
80,2012-11-10,-70.0
81,2012-11-11,-68.0
82,2012-11-12,-71.0
83,2012-11-13,-68.0
84,2012-11-14,-68.0
85,2012-11-15,-68.0
86,2012-11-16,-66.0
87,2012-11-17,-65.0
88,2012-11-18,-67.0
89,2012-11-19,-66.0
90,2012-11-20,-67.0
91,2012-11-21,-66.0
92,2012-11-23,-66.0
93,2012-11-24,-66.0
94,2012-11-25,-65.0
95,2012-11-26,-64.0
96,2012-11-27,-65.0
97,2012-11-28,-66.0
98,2012-11-29,-65.0
99,2012-11-30,-66.0
100,2012-12-01,-69.0
101,2012-12-02,-66.0
102,2012-12-03,-67.0
103,2012-12-04,-66.0
104,2012-12-05,-65.0
105,2012-12-06,-66.0
106,2012-12-07,-67.0
107,2012-12-08,-66.0
108,2012-12-09,-65.0
109,2012-12-10,-66.0
110,2012-12-11,-66.0
111,2012-12-12,-68.0
112,2012-12-13,-66.0
113,2012-12-14,-67.0
114,2012-12-15,-67.0
115,2012-12-16,-65.0
116,2012-12-17,-65.0
117,2012-12-18,-65.0
118,2012-12-19,-65.0
119,2012-12-20,-65.0
120,2012-12-21,-67.0
121,2012-12-22,-65.0
122,2012-12-23,-65.0
123,2012-12-24,-64.0
124,2012-12-25,-65.0
125,2012-12-26,-66.0
126,2012-12-27,-66.0
127,2012-12-28,-64.0
128,2012-12-29,-65.0
129,2012-12-31,-63.0
130,2013-01-01,-64.0
131,2013-01-02,-64.0
132,2013-01-03,-65.0
133,2013-01-04,-65.0
134,2013-01-05,-65.0
135,2013-01-06,-65.0
136,2013-01-07,-64.0
137,2013-01-08,-65.0
138,2013-01-09,-63.0
139,2013-01-10,-65.0
140,2013-01-11,-65.0
141,2013-01-12,-64.0
142,2013-01-13,-65.0
143,2013-01-14,-64.0
144,2013-01-15,-66.0
145,2013-01-16,-65.0
146,2013-01-17,-67.0
147,2013-01-18,-65.0
148,2013-01-19,-65.0
149,2013-01-20,-65.0
150,2013-01-21,-64.0
151,2013-01-22,-65.0
152,2013-01-23,-65.0
153,2013-01-24,-65.0
154,2013-01-25,-66.0
155,2013-01-26,-66.0
156,2013-01-27,-66.0
157,2013-01-28,-67.0
158,2013-01-29,-67.0
159,2013-01-30,-67.0
160,2013-01-31,-67.0
161,2013-02-01,-68.0
162,2013-02-02,-67.0
163,2013-02-03,-66.0
164,2013-02-04,-66.0
165,2013-02-06,-66.0
166,2013-02-07,-67.0
167,2013-02-08,-67.0
168,2013-02-09,-67.0
169,2013-02-10,-67.0
170,2013-02-11,-67.0
171,2013-02-12,-67.0
172,2013-02-13,-66.0
173,2013-02-14,-67.0
174,2013-02-15,-68.0
175,2013-02-16,-68.0
176,2013-02-17,-66.0
177,2013-02-18,-67.0
178,2013-02-23,-66.0
179,2013-02-24,-68.0
180,2013-02-25,-67.0
181,2013-02-26,-66.0
182,2013-03-23,-71.0
183,2013-03-24,-69.0
184,2013-03-25,-71.0
185,2013-03-26,-70.0
186,2013-03-27,-70.0
187,2013-03-28,-71.0
188,2013-03-29,-69.0
189,2013-03-30,-69.0
190,2013-03-31,-71.0
191,2013-04-01,-69.0
192,2013-04-02,-69.0
193,2013-04-03,-69.0
194,2013-04-04,-70.0
195,2013-04-05,-72.0
196,2013-04-06,-71.0
197,2013-04-07,-70.0
198,2013-04-08,-73.0
199,2013-04-09,-70.0
200,2013-04-10,-72.0
201,2013-04-11,-70.0
202,2013-04-12,-71.0
203,2013-04-13,-69.0
204,2013-04-14,-70.0
205,2013-04-15,-73.0
206,2013-04-16,-71.0
207,2013-04-17,-70.0
208,2013-04-18,-69.0
209,2013-04-19,-70.0
210,2013-04-20,-71.0
211,2013-04-22,-71.0
212,2013-04-23,-71.0
213,2013-04-24,-70.0
214,2013-04-25,-69.0
215,2013-04-26,-70.0
216,2013-04-27,-70.0
217,2013-04-28,-71.0
218,2013-04-29,-72.0
219,2013-04-30,-70.0
220,2013-05-01,-70.0
221,2013-05-08,-70.0
222,2013-05-09,-72.0
223,2013-05-10,-67.0
224,2013-05-11,-69.0
225,2013-05-12,-71.0
226,2013-05-13,-70.0
227,2013-05-14,-70.0
228,2013-05-15,-67.0
229,2013-05-16,-69.0
230,2013-05-17,-69.0
231,2013-05-18,-67.0
232,2013-05-19,-68.0
233,2013-05-20,-69.0
234,2013-05-21,-68.0
235,2013-05-22,-72.0
236,2013-05-23,-68.0
237,2013-05-24,-71.0
238,2013-05-25,-70.0
239,2013-05-26,-71.0
240,2013-05-27,-72.0
241,2013-05-29,-69.0
242,2013-05-30,-71.0
243,2013-05-31,-71.0
244,2013-06-01,-70.0
245,2013-06-02,-71.0
246,2013-06-03,-72.0
247,2013-06-04,-72.0
248,2013-06-05,-71.0
249,2013-06-06,-71.0
250,2013-06-07,-72.0
251,2013-06-08,-72.0
252,2013-06-09,-71.0
253,2013-06-10,-72.0
254,2013-06-11,-73.0
255,2013-06-12,-71.0
256,2013-06-13,-71.0
257,2013-06-14,-70.0
258,2013-06-15,-71.0
259,2013-06-16,-71.0
260,2013-06-17,-72.0
261,2013-06-18,-73.0
262,2013-06-19,-72.0
263,2013-06-20,-71.0
264,2013-06-21,-74.0
265,2013-06-22,-71.0
266,2013-06-23,-77.0
267,2013-06-24,-73.0
268,2013-06-25,-74.0
269,2013-06-26,-74.0
270,2013-06-27,-72.0
271,2013-06-28,-74.0
272,2013-06-29,-73.0
273,2013-06-30,-74.0
274,2013-07-01,-75.0
275,2013-07-02,-74.0
276,2013-07-03,-74.0
277,2013-07-04,-75.0
278,2013-07-06,-74.0
279,2013-07-07,-72.0
280,2013-07-08,-74.0
281,2013-07-09,-75.0
282,2013-07-10,-74.0
283,2013-07-11,-75.0
284,2013-07-12,-74.0
285,2013-07-13,-76.0
286,2013-07-14,-75.0
287,2013-07-15,-74.0
288,2013-07-16,-76.0
289,2013-07-17,-76.0
290,2013-07-18,-75.0
291,2013-07-19,-78.0
292,2013-07-20,-76.0
293,2013-07-21,-76.0
294,2013-07-22,-77.0
295,2013-07-23,-76.0
296,2013-07-24,-77.0
297,2013-07-25,-77.0
298,2013-07-26,-77.0
299,2013-07-27,-76.0
300,2013-07-28,-77.0
301,2013-07-29,-74.0
302,2013-07-30,-75.0
303,2013-07-31,-76.0
304,2013-08-01,-75.0
305,2013-08-02,-77.0
306,2013-08-03,-75.0
307,2013-08-04,-75.0
308,2013-08-05,-75.0
309,2013-08-06,-77.0
310,2013-08-07,-76.0
311,2013-08-17,-76.0
312,2013-08-18,-76.0
313,2013-08-19,-77.0
314,2013-08-20,-75.0
315,2013-08-21,-79.0
316,2013-08-22,-77.0
317,2013-08-23,-76.0
318,2013-08-24,-79.0
319,2013-08-25,-79.0
320,2013-08-26,-77.0
321,2013-08-27,-78.0
322,2013-08-28,-78.0
323,2013-08-29,-78.0
324,2013-08-30,-79.0
325,2013-08-31,-79.0
326,2013-09-01,-79.0
327,2013-09-02,-76.0
328,2013-09-03,-77.0
329,2013-09-04,-77.0
330,2013-09-05,-78.0
331,2013-09-06,-77.0
332,2013-09-07,-78.0
333,2013-09-08,-79.0
334,2013-09-09,-79.0
335,2013-09-10,-78.0
336,2013-09-11,-78.0
337,2013-09-12,-77.0
338,2013-09-13,-76.0
339,2013-09-14,-79.0
340,2013-09-15,-77.0
341,2013-09-16,-78.0
342,2013-09-18,-75.0
343,2013-09-19,-79.0
344,2013-09-20,-79.0
345,2013-09-21,-79.0
346,2013-09-22,-79.0
347,2013-09-23,-78.0
348,2013-09-24,-80.0
349,2013-09-25,-78.0
350,2013-09-26,-82.0
351,2013-09-27,-81.0
352,2013-09-28,-81.0
353,2013-09-29,-80.0
354,2013-09-30,-81.0
355,2013-10-01,-81.0
356,2013-10-02,-82.0
357,2013-10-03,-80.0
358,2013-10-04,-82.0
359,2013-10-05,-79.0
360,2013-10-06,-82.0
361,2013-10-07,-79.0
362,2013-10-08,-82.0
363,2013-10-09,-79.0
364,2013-10-10,-82.0
365,2013-10-11,-80.0
366,2013-10-12,-81.0
367,2013-10-13,-82.0
368,2013-10-14,-81.0
369,2013-10-15,-81.0
370,2013-10-16,-81.0
371,2013-10-17,-79.0
372,2013-10-18,-81.0
373,2013-10-19,-81.0
374,2013-10-20,-82.0
375,2013-10-21,-82.0
376,2013-10-22,-83.0
377,2013-10-23,-80.0
378,2013-10-24,-81.0
379,2013-10-26,-80.0
380,2013-10-27,-81.0
381,2013-10-28,-81.0
382,2013-10-29,-82.0
383,2013-10-30,-79.0
384,2013-10-31,-80.0
385,2013-11-01,-80.0
386,2013-11-02,-81.0
387,2013-11-03,-80.0
388,2013-11-04,-81.0
389,2013-11-16,-84.0
390,2013-11-17,-83.0
391,2013-11-24,-86.0
392,2013-11-25,-84.0
393,2013-11-26,-85.0
394,2013-11-27,-85.0
395,2013-11-28,-84.0
396,2013-11-29,-85.0
397,2013-11-30,-85.0
398,2013-12-02,-85.0
399,2013-12-03,-84.0
400,2013-12-04,-84.0
401,2013-12-05,-86.0
402,2013-12-06,-84.0
403,2013-12-07,-85.0
404,2013-12-08,-85.0
405,2013-12-09,-85.0
406,2013-12-18,-84.0
407,2013-12-19,-85.0
408,2013-12-20,-87.0
409,2013-12-21,-85.0
410,2013-12-22,-87.0
411,2013-12-23,-86.0
412,2013-12-24,-86.0
413,2013-12-25,-84.0
414,2013-12-26,-85.0
415,2013-12-27,-86.0
416,2013-12-28,-85.0
417,2013-12-29,-86.0
418,2013-12-30,-86.0
419,2013-12-31,-84.0
420,2014-01-01,-85.0
421,2014-01-02,-86.0
422,2014-01-03,-87.0
423,2014-01-04,-86.0
424,2014-01-05,-85.0
425,2014-01-06,-85.0
426,2014-01-08,-86.0
427,2014-01-09,-85.0
428,2014-01-10,-83.0
429,2014-01-11,-86.0
430,2014-01-12,-85.0
431,2014-01-13,-85.0
432,2014-01-14,-86.0
433,2014-01-15,-86.0
434,2014-01-16,-86.0
435,2014-01-17,-86.0
436,2014-01-18,-86.0
437,2014-01-19,-86.0
438,2014-01-20,-85.0
439,2014-01-21,-86.0
440,2014-01-22,-86.0
441,2014-01-23,-87.0
442,2014-01-24,-85.0
443,2014-01-25,-85.0
444,2014-01-26,-85.0
445,2014-01-27,-87.0
446,2014-01-28,-87.0
447,2014-01-29,-86.0
448,2014-01-30,-86.0
449,2014-01-31,-87.0
450,2014-02-01,-87.0
451,2014-02-02,-87.0
452,2014-02-03,-88.0
453,2014-02-04,-87.0
454,2014-02-05,-86.0
455,2014-02-06,-88.0
456,2014-02-07,-83.0
457,2014-02-08,-83.0
458,2014-02-09,-85.0
459,2014-02-10,-85.0
460,2014-02-11,-84.0
461,2014-02-12,-84.0
462,2014-02-13,-85.0
463,2014-02-15,-84.0
464,2014-02-16,-86.0
465,2014-02-17,-85.0
466,2014-02-18,-85.0
467,2014-02-19,-85.0
468,2014-02-20,-86.0
469,2014-02-21,-87.0
470,2014-02-22,-85.0
471,2014-02-23,-85.0
472,2014-02-24,-86.0
473,2014-02-25,-84.0
474,2014-02-26,-84.0
475,2014-02-27,-85.0
476,2014-02-28,-85.0
477,2014-03-01,-85.0
478,2014-03-02,-85.0
479,2014-03-03,-85.0
480,2014-03-04,-86.0
481,2014-03-05,-85.0
482,2014-03-06,-85.0
483,2014-03-07,-87.0
484,2014-03-08,-86.0
485,2014-03-09,-85.0
486,2014-03-10,-86.0
487,2014-03-11,-86.0
488,2014-03-12,-86.0
489,2014-03-13,-85.0
490,2014-03-14,-84.0
491,2014-03-15,-84.0
492,2014-03-16,-85.0
493,2014-03-17,-84.0
494,2014-03-18,-85.0
495,2014-03-19,-82.0
496,2014-03-20,-84.0
497,2014-03-21,-84.0
498,2014-03-22,-83.0
499,2014-03-24,-82.0
500,2014-03-25,-83.0
501,2014-03-26,-84.0
502,2014-03-27,-84.0
503,2014-03-28,-82.0
504,2014-03-29,-82.0
505,2014-03-30,-83.0
506,2014-03-31,-82.0
507,2014-04-01,-85.0
508,2014-04-02,-84.0
509,2014-04-03,-85.0
510,2014-04-04,-82.0
511,2014-04-05,-82.0
512,2014-04-06,-83.0
513,2014-04-07,-83.0
514,2014-04-08,-83.0
515,2014-04-09,-83.0
516,2014-04-10,-82.0
517,2014-04-11,-84.0
518,2014-04-12,-84.0
519,2014-04-13,-84.0
520,2014-04-14,-81.0
521,2014-04-15,-82.0
522,2014-04-16,-82.0
523,2014-04-17,-83.0
524,2014-04-18,-84.0
525,2014-04-19,-83.0
526,2014-04-20,-84.0
527,2014-04-21,-83.0
528,2014-04-22,-85.0
529,2014-04-23,-84.0
530,2014-04-24,-85.0
531,2014-04-25,-84.0
532,2014-04-26,-85.0
533,2014-04-27,-84.0
534,2014-04-28,-82.0
535,2014-04-29,-83.0
536,2014-05-01,-82.0
537,2014-05-02,-84.0
538,2014-05-03,-83.0
539,2014-05-04,-82.0
540,2014-05-05,-83.0
541,2014-05-06,-82.0
542,2014-05-07,-84.0
543,2014-05-08,-83.0
544,2014-05-09,-82.0
545,2014-05-10,-81.0
546,2014-05-11,-82.0
547,2014-05-12,-82.0
548,2014-05-13,-81.0
549,2014-05-14,-84.0
550,2014-05-15,-82.0
551,2014-05-16,-81.0
552,2014-05-17,-79.0
553,2014-05-18,-81.0
554,2014-05-19,-82.0
555,2014-05-20,-82.0
556,2014-05-21,-81.0
557,2014-05-22,-80.0
558,2014-05-23,-80.0
559,2014-05-24,-80.0
560,2014-05-25,-81.0
561,2014-05-26,-81.0
562,2014-05-27,-80.0
563,2014-05-28,-80.0
564,2014-05-29,-80.0
565,2014-05-30,-81.0
566,2014-05-31,-81.0
567,2014-06-01,-79.0
568,2014-06-02,-80.0
569,2014-06-03,-79.0
570,2014-06-04,-80.0
571,2014-06-05,-80.0
572,2014-06-07,-79.0
573,2014-06-08,-80.0
574,2014-06-09,-79.0
575,2014-06-10,-77.0
576,2014-06-11,-80.0
577,2014-06-12,-79.0
578,2014-06-13,-79.0
579,2014-06-14,-77.0
580,2014-06-15,-78.0
581,2014-06-16,-76.0
582,2014-06-17,-77.0
583,2014-06-18,-77.0
584,2014-06-19,-78.0
585,2014-06-20,-78.0
586,2014-06-21,-77.0
587,2014-06-22,-76.0
588,2014-06-23,-75.0
589,2014-06-24,-84.0
590,2014-06-25,-79.0
591,2014-06-26,-79.0
592,2014-06-27,-78.0
593,2014-06-28,-78.0
594,2014-06-29,-80.0
595,2014-06-30,-80.0
596,2014-07-01,-80.0
597,2014-07-02,-78.0
598,2014-07-03,-77.0
599,2014-07-04,-77.0
600,2014-07-05,-76.0
601,2014-07-06,-79.0
602,2014-07-07,-77.0
603,2014-07-08,-79.0
604,2014-07-09,-75.0
605,2014-07-10,-77.0
606,2014-07-11,-76.0
607,2014-07-12,-77.0
608,2014-07-14,-77.0
609,2014-07-15,-76.0
610,2014-07-16,-77.0
611,2014-07-17,-76.0
612,2014-07-18,-76.0
613,2014-07-19,-76.0
614,2014-07-20,-75.0
615,2014-07-21,-76.0
616,2014-07-22,-75.0
617,2014-07-23,-74.0
618,2014-07-24,-77.0
619,2014-07-25,-76.0
620,2014-07-26,-75.0
621,2014-07-27,-77.0
622,2014-07-28,-76.0
623,2014-07-29,-75.0
624,2014-07-30,-75.0
625,2014-07-31,-76.0
626,2014-08-01,-76.0
627,2014-08-02,-76.0
628,2014-08-03,-76.0
629,2014-08-04,-73.0
630,2014-08-05,-77.0
631,2014-08-06,-75.0
632,2014-08-07,-77.0
633,2014-08-08,-76.0
634,2014-08-09,-76.0
635,2014-08-10,-73.0
636,2014-08-11,-75.0
637,2014-08-12,-76.0
638,2014-08-13,-77.0
639,2014-08-14,-77.0
640,2014-08-15,-74.0
641,2014-08-16,-73.0
642,2014-08-17,-74.0
643,2014-08-18,-73.0
644,2014-08-19,-74.0
645,2014-08-21,-73.0
646,2014-08-22,-75.0
647,2014-08-23,-76.0
648,2014-08-24,-74.0
649,2014-08-25,-75.0
650,2014-08-26,-76.0
651,2014-08-27,-75.0
652,2014-08-28,-75.0
653,2014-08-29,-74.0
654,2014-08-30,-73.0
655,2014-08-31,-73.0
656,2014-09-01,-76.0
657,2014-09-02,-74.0
658,2014-09-03,-75.0
659,2014-09-04,-77.0
660,2014-09-05,-76.0
661,2014-09-06,-70.0
662,2014-09-07,-72.0
663,2014-09-08,-72.0
664,2014-09-09,-75.0
665,2014-09-10,-74.0
666,2014-09-11,-76.0
667,2014-09-12,-73.0
668,2014-09-13,-71.0
669,2014-09-14,-73.0
670,2014-09-15,-72.0
671,2014-09-16,-72.0
672,2014-09-17,-71.0
673,2014-09-18,-73.0
674,2014-09-19,-73.0
675,2014-09-20,-74.0
676,2014-09-21,-73.0
677,2014-09-22,-73.0
678,2014-09-23,-71.0
679,2014-09-24,-77.0
680,2014-09-25,-70.0
681,2014-09-27,-72.0
682,2014-09-28,-75.0
683,2014-09-29,-78.0
684,2014-09-30,-73.0
685,2014-10-01,-73.0
686,2014-10-02,-70.0
687,2014-10-03,-71.0
688,2014-10-04,-73.0
689,2014-10-05,-73.0
690,2014-10-06,-70.0
691,2014-10-07,-71.0
692,2014-10-08,-71.0
693,2014-10-09,-70.0
694,2014-10-10,-73.0
695,2014-10-11,-71.0
696,2014-10-12,-72.0
697,2014-10-13,-72.0
698,2014-10-14,-70.0
699,2014-10-15,-71.0
700,2014-10-16,-72.0
701,2014-10-17,-74.0
702,2014-10-18,-71.0
703,2014-10-19,-69.0
704,2014-10-20,-69.0
705,2014-10-21,-74.0
706,2014-10-22,-74.0
707,2014-10-23,-73.0
708,2014-10-24,-68.0
709,2014-10-25,-68.0
710,2014-10-26,-68.0
711,2014-10-27,-70.0
712,2014-10-28,-71.0
713,2014-10-29,-71.0
714,2014-10-30,-68.0
715,2014-10-31,-68.0
716,2014-11-01,-65.0
717,2014-11-03,-65.0
718,2014-11-04,-67.0
719,2014-11-05,-70.0
720,2014-11-06,-67.0
721,2014-11-07,-70.0
722,2014-11-08,-69.0
723,2014-11-09,-69.0
724,2014-11-10,-73.0
725,2014-11-11,-70.0
726,2014-11-12,-69.0
727,2014-11-13,-71.0
728,2014-11-14,-67.0
729,2014-11-15,-70.0
730,2014-11-16,-69.0
731,2014-11-17,-71.0
732,2014-11-18,-75.0
733,2014-11-19,-67.0
734,2014-11-20,-68.0
735,2014-11-21,-69.0
736,2014-11-22,-74.0
737,2014-11-23,-69.0
738,2014-11-24,-68.0
739,2014-11-25,-71.0
740,2014-11-26,-68.0
741,2014-11-27,-68.0
742,2014-11-28,-71.0
743,2014-11-29,-69.0
744,2014-11-30,-67.0
745,2014-12-01,-67.0
746,2014-12-02,-68.0
747,2014-12-03,-68.0
748,2014-12-04,-71.0
749,2014-12-05,-71.0
750,2014-12-06,-68.0
751,2014-12-07,-68.0
752,2014-12-08,-68.0
753,2014-12-09,-69.0
754,2014-12-11,-68.0
755,2014-12-12,-69.0
756,2014-12-13,-69.0
757,2014-12-14,-69.0
758,2014-12-15,-69.0
759,2014-12-16,-70.0
760,2014-12-17,-74.0
761,2014-12-18,-75.0
762,2014-12-19,-69.0
763,2014-12-20,-69.0
764,2014-12-21,-68.0
765,2014-12-22,-73.0
766,2014-12-23,-74.0
767,2014-12-24,-69.0
768,2014-12-25,-69.0
769,2014-12-26,-69.0
770,2014-12-27,-68.0
771,2014-12-28,-68.0
772,2014-12-29,-73.0
773,2014-12-30,-67.0
774,2014-12-31,-66.0
775,2015-01-01,-69.0
776,2015-01-02,-68.0
777,2015-01-03,-76.0
778,2015-01-04,-73.0
779,2015-01-05,-72.0
780,2015-01-06,-69.0
781,2015-01-07,-70.0
782,2015-01-08,-70.0
783,2015-01-09,-72.0
784,2015-01-10,-70.0
785,2015-01-11,-70.0
786,2015-01-12,-71.0
787,2015-01-13,-71.0
788,2015-01-14,-71.0
789,2015-01-15,-72.0
790,2015-01-17,-74.0
791,2015-01-18,-70.0
792,2015-01-19,-72.0
793,2015-01-28,-73.0
794,2015-01-29,-76.0
795,2015-01-30,-74.0
796,2015-01-31,-71.0
797,2015-02-01,-71.0
798,2015-02-02,-73.0
799,2015-02-03,-73.0
800,2015-02-04,-70.0
801,2015-02-05,-70.0
802,2015-02-06,-72.0
803,2015-02-07,-72.0
804,2015-02-08,-71.0
805,2015-02-09,-72.0
806,2015-02-10,-75.0
807,2015-02-11,-72.0
808,2015-02-12,-70.0
809,2015-02-13,-72.0
810,2015-02-14,-72.0
811,2015-02-15,-75.0
812,2015-02-16,-70.0
813,2015-02-17,-71.0
814,2015-02-18,-68.0
815,2015-02-19,-71.0
816,2015-02-20,-71.0
817,2015-02-21,-71.0
818,2015-02-22,-76.0
819,2015-02-24,-75.0
820,2015-02-25,-71.0
821,2015-02-26,-70.0
822,2015-02-27,-73.0
823,2015-02-28,-70.0
824,2015-03-01,-75.0
825,2015-03-02,-71.0
826,2015-03-03,-71.0
827,2015-03-04,-71.0
828,2015-03-05,-71.0
829,2015-03-06,-76.0
830,2015-03-07,-71.0
831,2015-03-08,-74.0
832,2015-03-09,-72.0
833,2015-03-10,-70.0
834,2015-03-11,-73.0
835,2015-03-12,-72.0
836,2015-03-13,-74.0
837,2015-03-14,-71.0
838,2015-03-15,-76.0
839,2015-03-16,-76.0
840,2015-03-17,-72.0
841,2015-03-18,-75.0
842,2015-03-19,-75.0
843,2015-03-20,-69.0
844,2015-03-21,-71.0
845,2015-03-22,-71.0
846,2015-03-23,-73.0
847,2015-03-24,-75.0
848,2015-03-25,-72.0
849,2015-03-26,-73.0
850,2015-03-29,-73.0
851,2015-03-30,-74.0
852,2015-03-31,-74.0
853,2015-04-02,-73.0
854,2015-04-03,-70.0
855,2015-04-04,-72.0
856,2015-04-05,-77.0
857,2015-04-06,-70.0
858,2015-04-07,-73.0
859,2015-04-08,-72.0
860,2015-04-09,-73.0
861,2015-04-10,-75.0
862,2015-04-11,-69.0
863,2015-04-12,-71.0
864,2015-04-13,-73.0
865,2015-04-17,-74.0
866,2015-04-18,-78.0
867,2015-04-19,-76.0
868,2015-04-20,-71.0
869,2015-04-21,-73.0
870,2015-04-22,-71.0
871,2015-04-23,-72.0
872,2015-04-24,-75.0
873,2015-04-25,-73.0
874,2015-04-26,-74.0
875,2015-04-27,-71.0
876,2015-04-28,-72.0
877,2015-04-29,-71.0
878,2015-04-30,-71.0
879,2015-05-01,-73.0
880,2015-05-02,-72.0
881,2015-05-03,-73.0
882,2015-05-04,-73.0
883,2015-05-05,-75.0
884,2015-05-06,-75.0
885,2015-05-07,-73.0
886,2015-05-09,-79.0
887,2015-05-10,-73.0
888,2015-05-11,-73.0
889,2015-05-12,-74.0
890,2015-05-13,-76.0
891,2015-05-14,-74.0
892,2015-05-15,-78.0
893,2015-05-16,-74.0
894,2015-05-17,-74.0
895,2015-05-18,-75.0
896,2015-05-19,-74.0
897,2015-05-20,-76.0
898,2015-05-21,-73.0
899,2015-05-22,-73.0
900,2015-05-23,-73.0
901,2015-05-24,-79.0
902,2015-05-25,-74.0
903,2015-05-26,-72.0
904,2015-05-27,-74.0
905,2015-05-28,-73.0
906,2015-05-30,-74.0
907,2015-05-31,-79.0
908,2015-06-01,-77.0
909,2015-06-02,-74.0
910,2015-06-03,-74.0
911,2015-06-04,-75.0
912,2015-06-05,-78.0
913,2015-06-06,-79.0
914,2015-06-07,-79.0
915,2015-06-08,-75.0
916,2015-06-09,-74.0
917,2015-06-10,-78.0
918,2015-06-11,-81.0
919,2015-06-12,-80.0
920,2015-06-13,-77.0
921,2015-06-14,-75.0
922,2015-06-16,-76.0
923,2015-06-17,-78.0
924,2015-06-18,-79.0
925,2015-06-19,-81.0
926,2015-06-20,-63.0
927,2015-06-21,-76.0
928,2015-06-22,-75.0
929,2015-06-23,-76.0
930,2015-06-24,-76.0
931,2015-06-25,-74.0
932,2015-06-26,-78.0
933,2015-06-28,-75.0
934,2015-06-29,-75.0
935,2015-06-30,-77.0
936,2015-07-01,-76.0
937,2015-07-02,-74.0
938,2015-07-03,-77.0
939,2015-07-04,-76.0
940,2015-07-05,-77.0
941,2015-07-06,-76.0
942,2015-07-07,-80.0
943,2015-07-08,-76.0
944,2015-07-09,-77.0
945,2015-07-10,-77.0
946,2015-07-11,-77.0
947,2015-07-12,-76.0
948,2015-07-13,-77.0
949,2015-07-14,-79.0
950,2015-07-15,-80.0
951,2015-07-16,-77.0
952,2015-07-17,-77.0
953,2015-07-18,-78.0
954,2015-07-19,-75.0
955,2015-07-20,-76.0
956,2015-07-21,-76.0
957,2015-07-23,-78.0
958,2015-07-24,-79.0
959,2015-07-25,-77.0
960,2015-07-26,-77.0
961,2015-07-27,-76.0
962,2015-07-28,-78.0
963,2015-07-29,-78.0
964,2015-07-30,-78.0
965,2015-07-31,-78.0
966,2015-08-01,-77.0
967,2015-08-02,-77.0
968,2015-08-03,-79.0
969,2015-08-04,-77.0
970,2015-08-05,-78.0
971,2015-08-06,-78.0
972,2015-08-07,-79.0
973,2015-08-08,-76.0
974,2015-08-09,-77.0
975,2015-08-10,-80.0
976,2015-08-11,-78.0
977,2015-08-12,-78.0
978,2015-08-13,-82.0
979,2015-08-14,-77.0
980,2015-08-15,-77.0
981,2015-08-16,-81.0
982,2015-08-17,-79.0
983,2015-08-18,-80.0
984,2015-08-19,-80.0
985,2015-08-20,-77.0
986,2015-08-21,-77.0
987,2015-08-22,-79.0
988,2015-08-23,-80.0
989,2015-08-24,-78.0
990,2015-08-25,-79.0
991,2015-08-26,-77.0
992,2015-08-27,-78.0
993,2015-08-29,-77.0
994,2015-08-30,-76.0
995,2015-08-31,-78.0
996,2015-09-01,-77.0
997,2015-09-02,-79.0
998,2015-09-03,-77.0
999,2015-09-04,-80.0
1000,2015-09-05,-79.0
1001,2015-09-06,-79.0
1002,2015-09-07,-78.0
1003,2015-09-08,-77.0
1004,2015-09-09,-78.0
1005,2015-09-10,-79.0
1006,2015-09-11,-80.0
1007,2015-09-12,-84.0
1008,2015-09-13,-81.0
1009,2015-09-14,-79.0
1010,2015-09-15,-78.0
1011,2015-09-16,-82.0
1012,2015-09-17,-79.0
1013,2015-09-18,-78.0
1014,2015-09-19,-82.0
1015,2015-09-20,-81.0
1016,2015-09-21,-79.0
1017,2015-09-22,-80.0
1018,2015-09-23,-79.0
1019,2015-09-24,-79.0
1020,2015-09-25,-80.0
1021,2015-09-26,-79.0
1022,2015-09-27,-79.0
1023,2015-09-28,-80.0
1024,2015-09-29,-81.0
1025,2015-09-30,-80.0
1026,2015-10-01,-81.0
1027,2015-10-02,-79.0
1028,2015-10-03,-79.0
1029,2015-10-04,-80.0
1030,2015-10-06,-79.0
1031,2015-10-07,-79.0
1032,2015-10-08,-80.0
1033,2015-10-09,-79.0
1034,2015-10-10,-80.0
1035,2015-10-11,-81.0
1036,2015-10-12,-81.0
1037,2015-10-13,-82.0
1038,2015-10-14,-82.0
1039,2015-10-15,-80.0
1040,2015-10-16,-81.0
1041,2015-10-17,-82.0
1042,2015-10-18,-81.0
1043,2015-10-19,-82.0
1044,2015-10-20,-80.0
1045,2015-10-21,-81.0
1046,2015-10-22,-82.0
1047,2015-10-23,-82.0
1048,2015-10-24,-82.0
1049,2015-10-25,-82.0
1050,2015-10-26,-82.0
1051,2015-10-27,-82.0
1052,2015-10-28,-80.0
1053,2015-10-29,-80.0
1054,2015-10-30,-81.0
1055,2015-10-31,-82.0
1056,2015-11-01,-82.0
1057,2015-11-02,-80.0
1058,2015-11-03,-82.0
1059,2015-11-04,-84.0
1060,2015-11-05,-84.0
1061,2015-11-06,-84.0
1062,2015-11-07,-82.0
1063,2015-11-08,-82.0
1064,2015-11-09,-82.0
1065,2015-11-10,-80.0
1066,2015-11-12,-83.0
1067,2015-11-13,-84.0
1068,2015-11-14,-86.0
1069,2015-11-15,-86.0
1070,2015-11-16,-84.0
1071,2015-11-17,-84.0
1072,2015-11-18,-84.0
1073,2015-11-19,-84.0
1074,2015-11-20,-89.0
1075,2015-11-21,-85.0
1076,2015-11-22,-87.0
1077,2015-11-23,-87.0
1078,2015-11-24,-87.0
1079,2015-11-25,-85.0
1080,2015-11-26,-85.0
1081,2015-11-27,-84.0
1082,2015-11-28,-84.0
1083,2015-11-29,-86.0
1084,2015-11-30,-85.0
1085,2015-12-01,-86.0
1086,2015-12-02,-86.0
1087,2015-12-03,-85.0
1088,2015-12-04,-86.0
1089,2015-12-05,-85.0
1090,2015-12-06,-84.0
1091,2015-12-07,-86.0
1092,2015-12-08,-84.0
1093,2015-12-09,-90.0
1094,2015-12-10,-87.0
1095,2015-12-11,-87.0
1096,2015-12-12,-87.0
1097,2015-12-13,-86.0
1098,2015-12-14,-84.0
1099,2015-12-15,-84.0
1100,2015-12-16,-86.0
1101,2015-12-17,-86.0
1102,2015-12-18,-85.0
1103,2015-12-20,-86.0
1104,2015-12-21,-86.0
1105,2015-12-22,-84.0
1106,2015-12-23,-85.0
1107,2015-12-24,-85.0
1108,2015-12-25,-85.0
1109,2015-12-26,-84.0
1110,2015-12-27,-86.0
1111,2015-12-28,-85.0
1112,2015-12-29,-85.0
1113,2015-12-30,-85.0
1114,2015-12-31,-85.0
1115,2016-01-01,-85.0
1116,2016-01-02,-83.0
1117,2016-01-03,-86.0
1118,2016-01-04,-84.0
1119,2016-01-05,-85.0
1120,2016-01-06,-85.0
1121,2016-01-07,-86.0
1122,2016-01-08,-88.0
1123,2016-01-09,-86.0
1124,2016-01-10,-87.0
1125,2016-01-11,-87.0
1126,2016-01-12,-87.0
1127,2016-01-13,-87.0
1128,2016-01-14,-88.0
1129,2016-01-15,-88.0
1130,2016-01-16,-87.0
1131,2016-01-17,-87.0
1132,2016-01-18,-88.0
1133,2016-01-19,-88.0
1134,2016-01-20,-88.0
1135,2016-01-21,-88.0
1136,2016-01-22,-88.0
1137,2016-01-23,-88.0
1138,2016-01-24,-88.0
1139,2016-01-26,-88.0
1140,2016-01-27,-88.0
1141,2016-01-28,-87.0
1142,2016-01-29,-88.0
1143,2016-01-30,-87.0
1144,2016-01-31,-89.0
1145,2016-02-01,-87.0
1146,2016-02-02,-87.0
1147,2016-02-03,-87.0
1148,2016-02-04,-86.0
1149,2016-02-05,-85.0
1150,2016-02-06,-86.0
1151,2016-02-07,-85.0
1152,2016-02-08,-85.0
1153,2016-02-09,-86.0
1154,2016-02-10,-85.0
1155,2016-02-11,-85.0
1156,2016-02-12,-85.0
1157,2016-02-13,-85.0
1158,2016-02-14,-85.0
1159,2016-02-15,-84.0
1160,2016-02-16,-84.0
1161,2016-02-17,-84.0
1162,2016-02-18,-84.0
1163,2016-02-19,-83.0
1164,2016-02-20,-84.0
1165,2016-02-21,-83.0
1166,2016-02-22,-81.0
1167,2016-02-23,-81.0
1168,2016-02-24,-84.0
1169,2016-02-25,-84.0
1170,2016-02-26,-81.0
1171,2016-02-27,-82.0
1172,2016-02-28,-83.0
1173,2016-02-29,-83.0
1174,2016-03-01,-83.0
1175,2016-03-03,-82.0
1176,2016-03-04,-84.0
1177,2016-03-05,-81.0
1178,2016-03-06,-79.0
1179,2016-03-07,-82.0
1180,2016-03-08,-82.0
1181,2016-03-09,-83.0
1182,2016-03-10,-84.0
1183,2016-03-11,-83.0
1184,2016-03-12,-83.0
1185,2016-03-13,-84.0
1186,2016-03-14,-83.0
1187,2016-03-15,-81.0
1188,2016-03-16,-82.0
1189,2016-03-17,-80.0
1190,2016-03-18,-80.0
1191,2016-03-19,-80.0
1192,2016-03-20,-80.0
1193,2016-03-21,-80.0
1194,2016-03-24,-80.0
1195,2016-03-25,-81.0
1196,2016-03-26,-81.0
1197,2016-03-27,-79.0
1198,2016-03-28,-79.0
1199,2016-03-29,-79.0
1200,2016-03-30,-80.0
1201,2016-03-31,-79.0
1202,2016-04-01,-80.0
1203,2016-04-02,-79.0
1204,2016-04-03,-78.0
1205,2016-04-04,-80.0
1206,2016-04-05,-78.0
1207,2016-04-06,-80.0
1208,2016-04-07,-80.0
1209,2016-04-08,-79.0
1210,2016-04-10,-80.0
1211,2016-04-11,-81.0
1212,2016-04-12,-81.0
1213,2016-04-13,-76.0
1214,2016-04-14,-78.0
1215,2016-04-15,-77.0
1216,2016-04-16,-77.0
1217,2016-04-17,-78.0
1218,2016-04-18,-77.0
1219,2016-04-19,-80.0
1220,2016-04-20,-80.0
1221,2016-04-21,-80.0
1222,2016-04-22,-78.0
1223,2016-04-23,-77.0
1224,2016-04-24,-77.0
1225,2016-04-25,-78.0
1226,2016-04-26,-77.0
1227,2016-04-27,-78.0
1228,2016-04-28,-78.0
1229,2016-04-29,-77.0
1230,2016-04-30,-76.0
1231,2016-05-01,-77.0
1232,2016-05-02,-74.0
1233,2016-05-03,-78.0
1234,2016-05-04,-76.0
1235,2016-05-05,-78.0
1236,2016-05-06,-76.0
1237,2016-05-07,-77.0
1238,2016-05-08,-77.0
1239,2016-05-09,-75.0
1240,2016-05-10,-76.0
1241,2016-05-11,-75.0
1242,2016-05-12,-77.0
1243,2016-05-13,-76.0
1244,2016-05-14,-76.0
1245,2016-05-15,-80.0
1246,2016-05-17,-74.0
1247,2016-05-18,-75.0
1248,2016-05-19,-75.0
1249,2016-05-20,-75.0
1250,2016-05-21,-75.0
1251,2016-05-22,-76.0
1252,2016-05-23,-73.0
1253,2016-05-24,-73.0
1254,2016-05-25,-72.0
1255,2016-05-26,-73.0
1256,2016-05-27,-76.0
1257,2016-05-28,-75.0
1258,2016-05-29,-75.0
1259,2016-05-30,-74.0
1260,2016-05-31,-72.0
1261,2016-06-01,-74.0
1262,2016-06-02,-76.0
1263,2016-06-03,-76.0
1264,2016-06-04,-75.0
1265,2016-06-05,-74.0
1266,2016-06-06,-75.0
1267,2016-06-07,-74.0
1268,2016-06-08,-74.0
1269,2016-06-09,-75.0
1270,2016-06-10,-74.0
1271,2016-06-11,-74.0
1272,2016-06-12,-73.0
1273,2016-06-13,-74.0
1274,2016-06-14,-75.0
1275,2016-06-15,-74.0
1276,2016-06-16,-74.0
1277,2016-06-17,-75.0
1278,2016-06-18,-73.0
1279,2016-06-19,-75.0
1280,2016-06-20,-76.0
1281,2016-06-21,-76.0
1282,2016-06-23,-77.0
1283,2016-06-24,-74.0
1284,2016-06-25,-73.0
1285,2016-06-26,-76.0
1286,2016-06-27,-73.0
1287,2016-06-28,-74.0
1288,2016-06-29,-75.0
1289,2016-06-30,-74.0
1290,2016-07-01,-74.0
1291,2016-07-02,-73.0
1292,2016-07-12,-66.0
1293,2016-07-13,-73.0
1294,2016-07-14,-73.0
1295,2016-07-15,-73.0
1296,2016-07-16,-75.0
1297,2016-07-17,-75.0
1298,2016-07-18,-75.0
1299,2016-07-19,-75.0
1300,2016-07-20,-76.0
1301,2016-07-21,-74.0
1302,2016-07-22,-75.0
1303,2016-07-23,-74.0
1304,2016-07-24,-72.0
1305,2016-07-25,-72.0
1306,2016-07-26,-78.0
1307,2016-07-27,-72.0
1308,2016-07-28,-73.0
1309,2016-07-29,-72.0
1310,2016-07-31,-72.0
1311,2016-08-01,-70.0
1312,2016-08-02,-73.0
1313,2016-08-03,-73.0
1314,2016-08-04,-71.0
1315,2016-08-05,-72.0
1316,2016-08-06,-72.0
1317,2016-08-07,-71.0
1318,2016-08-08,-72.0
1319,2016-08-09,-72.0
1320,2016-08-10,-71.0
1321,2016-08-11,-72.0
1322,2016-08-12,-72.0
1323,2016-08-13,-70.0
1324,2016-08-14,-69.0
1325,2016-08-15,-69.0
1326,2016-08-16,-71.0
1327,2016-08-17,-70.0
1328,2016-08-18,-70.0
1329,2016-08-19,-71.0
1330,2016-08-20,-72.0
1331,2016-08-21,-71.0
1332,2016-08-22,-68.0
1333,2016-08-23,-71.0
1334,2016-08-24,-70.0
1335,2016-08-25,-74.0
1336,2016-08-26,-68.0
1337,2016-08-27,-69.0
1338,2016-08-28,-69.0
1339,2016-08-29,-69.0
1340,2016-08-30,-70.0
1341,2016-08-31,-74.0
1342,2016-09-01,-69.0
1343,2016-09-02,-71.0
1344,2016-09-03,-69.0
1345,2016-09-04,-71.0
1346,2016-09-06,-74.0
1347,2016-09-07,-73.0
1348,2016-09-08,-69.0
1349,2016-09-09,-70.0
1350,2016-09-10,-69.0
1351,2016-09-11,-69.0
1352,2016-09-12,-69.0
1353,2016-09-13,-71.0
1354,2016-09-14,-70.0
1355,2016-09-15,-69.0
1356,2016-09-16,-68.0
1357,2016-09-17,-68.0
1358,2016-09-18,-71.0
1359,2016-09-19,-68.0
1360,2016-09-20,-67.0
1361,2016-09-21,-69.0
1362,2016-09-22,-70.0
1363,2016-09-23,-72.0
1364,2016-09-24,-70.0
1365,2016-09-25,-71.0
1366,2016-09-26,-68.0
1367,2016-09-27,-67.0
1368,2016-09-28,-68.0
1369,2016-09-29,-72.0
1370,2016-09-30,-69.0
1371,2016-10-01,-72.0
1372,2016-10-02,-68.0
1373,2016-10-03,-66.0
1374,2016-10-04,-68.0
1375,2016-10-05,-70.0
1376,2016-10-06,-68.0
1377,2016-10-07,-68.0
1378,2016-10-08,-68.0
1379,2016-10-09,-71.0
1380,2016-10-10,-71.0
1381,2016-10-11,-68.0
1382,2016-10-12,-69.0
1383,2016-10-14,-68.0
1384,2016-10-15,-66.0
1385,2016-10-16,-69.0
1386,2016-10-17,-68.0
1387,2016-10-18,-70.0
1388,2016-10-19,-70.0
1389,2016-10-20,-71.0
1390,2016-10-21,-72.0
1391,2016-10-22,-68.0
1392,2016-10-23,-68.0
1393,2016-10-24,-69.0
1394,2016-10-25,-70.0
1395,2016-10-26,-69.0
1396,2016-10-27,-69.0
1397,2016-10-28,-70.0
1398,2016-10-29,-69.0
1399,2016-10-30,-69.0
1400,2016-10-31,-71.0
1401,2016-11-01,-70.0
1402,2016-11-02,-70.0
1403,2016-11-03,-70.0
1404,2016-11-04,-70.0
1405,2016-11-05,-77.0
1406,2016-11-06,-78.0
1407,2016-11-07,-74.0
1408,2016-11-08,-73.0
1409,2016-11-09,-76.0
1410,2016-11-10,-71.0
1411,2016-11-11,-76.0
1412,2016-11-12,-78.0
1413,2016-11-13,-72.0
1414,2016-11-14,-73.0
1415,2016-11-15,-71.0
1416,2016-11-16,-71.0
1417,2016-11-17,-77.0
1418,2016-11-18,-76.0
1419,2016-11-20,-74.0
1420,2016-11-21,-72.0
1421,2016-11-22,-71.0
1422,2016-11-23,-72.0
1423,2016-11-24,-73.0
1424,2016-11-25,-71.0
1425,2016-11-26,-76.0
1426,2016-11-27,-72.0
1427,2016-11-28,-72.0
1428,2016-11-29,-73.0
1429,2016-11-30,-73.0
1430,2016-12-01,-71.0
1431,2016-12-02,-74.0
1432,2016-12-03,-73.0
1433,2016-12-04,-74.0
1434,2016-12-05,-72.0
1435,2016-12-06,-76.0
1436,2016-12-07,-73.0
1437,2016-12-08,-74.0
1438,2016-12-09,-71.0
1439,2016-12-10,-73.0
1440,2016-12-11,-73.0
1441,2016-12-12,-75.0
1442,2016-12-13,-76.0
1443,2016-12-14,-76.0
1444,2016-12-15,-71.0
1445,2016-12-16,-71.0
1446,2016-12-17,-74.0
1447,2016-12-18,-77.0
1448,2016-12-19,-70.0
1449,2016-12-20,-71.0
1450,2016-12-21,-72.0
1451,2016-12-22,-70.0
1452,2016-12-23,-72.0
1453,2016-12-24,-76.0
1454,2016-12-25,-76.0
1455,2016-12-27,-77.0
1456,2016-12-28,-73.0
1457,2016-12-29,-75.0
1458,2016-12-30,-70.0
1459,2016-12-31,-72.0
1460,2017-01-01,-76.0
1461,2017-01-02,-70.0
1462,2017-01-03,-71.0
1463,2017-01-04,-70.0
1464,2017-01-05,-71.0
1465,2017-01-06,-70.0
1466,2017-01-07,-81.0
1467,2017-01-08,-74.0
1468,2017-01-09,-72.0
1469,2017-01-10,-73.0
1470,2017-01-11,-72.0
1471,2017-01-12,-72.0
1472,2017-01-13,-74.0
1473,2017-01-14,-73.0
1474,2017-01-15,-72.0
1475,2017-01-16,-72.0
1476,2017-01-17,-74.0
1477,2017-01-18,-75.0
1478,2017-01-19,-77.0
1479,2017-01-20,-76.0
1480,2017-01-21,-72.0
1481,2017-01-22,-73.0
1482,2017-01-23,-72.0
1483,2017-01-24,-72.0
1484,2017-01-25,-76.0
1485,2017-01-26,-73.0
1486,2017-01-27,-71.0
1487,2017-01-28,-72.0
1488,2017-01-29,-74.0
1489,2017-01-30,-71.0
1490,2017-01-31,-74.0
1491,2017-02-01,-73.0
1492,2017-02-03,-70.0
1493,2017-02-04,-72.0
1494,2017-02-05,-71.0
1495,2017-02-06,-71.0
1496,2017-02-07,-77.0
1497,2017-02-08,-76.0
1498,2017-02-09,-77.0
1499,2017-02-10,-73.0
1500,2017-02-11,-75.0
1501,2017-02-12,-77.0
1502,2017-02-13,-72.0
1503,2017-02-14,-71.0
1504,2017-02-18,-72.0
1505,2017-02-19,-73.0
1506,2017-02-20,-73.0
1507,2017-02-21,-73.0
1508,2017-02-22,-72.0
1509,2017-02-23,-71.0
1510,2017-02-24,-73.0
1511,2017-02-25,-70.0
1512,2017-02-26,-73.0
1513,2017-02-27,-71.0
1514,2017-02-28,-71.0
1515,2017-03-01,-72.0
1516,2017-03-02,-71.0
1517,2017-03-03,-71.0
1518,2017-03-04,-72.0
1519,2017-03-05,-71.0
1520,2017-03-06,-74.0
1521,2017-03-07,-77.0
1522,2017-03-08,-77.0
1523,2017-03-09,-72.0
1524,2017-03-10,-75.0
1525,2017-03-12,-72.0
1526,2017-03-13,-73.0
1527,2017-03-14,-72.0
1528,2017-03-15,-73.0
1529,2017-03-16,-73.0
1530,2017-03-17,-71.0
1531,2017-03-18,-72.0
1532,2017-03-19,-72.0
1533,2017-03-20,-72.0
1534,2017-03-21,-74.0
1535,2017-03-22,-74.0
1536,2017-03-23,-74.0
1537,2017-03-24,-74.0
1538,2017-03-25,-73.0
1539,2017-03-26,-73.0
1540,2017-03-27,-74.0
1541,2017-03-28,-75.0
1542,2017-03-29,-77.0
1543,2017-03-30,-76.0
1544,2017-03-31,-75.0
1545,2017-04-01,-75.0
1546,2017-04-02,-76.0
1547,2017-04-03,-75.0
1548,2017-04-04,-75.0
1549,2017-04-05,-77.0
1550,2017-04-06,-77.0
1551,2017-04-07,-74.0
1552,2017-04-08,-75.0
1553,2017-04-09,-75.0
1554,2017-04-10,-74.0
1555,2017-04-11,-74.0
1556,2017-04-12,-76.0
1557,2017-04-13,-76.0
1558,2017-04-14,-76.0
1559,2017-04-15,-77.0
1560,2017-04-16,-74.0
1561,2017-04-18,-76.0
1562,2017-04-19,-76.0
1563,2017-04-20,-74.0
1564,2017-04-21,-75.0
1565,2017-04-22,-75.0
1566,2017-04-23,-75.0
1567,2017-04-24,-76.0
1568,2017-04-25,-74.0
1569,2017-04-26,-74.0
1570,2017-04-27,-75.0
1571,2017-04-28,-74.0
1572,2017-04-29,-74.0
1573,2017-04-30,-76.0
1574,2017-05-01,-75.0
1575,2017-05-02,-75.0
1576,2017-05-03,-77.0
1577,2017-05-04,-75.0
1578,2017-05-05,-75.0
1579,2017-05-06,-76.0
1580,2017-05-07,-75.0
1581,2017-05-08,-76.0
1582,2017-05-10,-62.0
1583,2017-05-11,-76.0
1584,2017-05-12,-76.0
1585,2017-05-13,-77.0
1586,2017-05-14,-75.0
1587,2017-05-15,-77.0
1588,2017-05-16,-77.0
1589,2017-05-17,-76.0
1590,2017-05-18,-76.0
1591,2017-05-19,-76.0
1592,2017-05-20,-75.0
1593,2017-05-21,-76.0
1594,2017-05-22,-77.0
1595,2017-05-23,-76.0
1596,2017-05-24,-77.0
1597,2017-05-26,-77.0
1598,2017-05-27,-76.0
1599,2017-05-28,-76.0
1600,2017-05-29,-76.0
1601,2017-05-30,-75.0
1602,2017-05-31,-77.0
1603,2017-06-01,-75.0
1604,2017-06-02,-77.0
1605,2017-06-03,-77.0
1606,2017-06-04,-76.0
1607,2017-06-05,-76.0
1608,2017-06-06,-77.0
1609,2017-06-07,-77.0
1610,2017-06-08,-76.0
1611,2017-06-09,-76.0
1612,2017-06-10,-77.0
1613,2017-06-11,-76.0
1614,2017-06-12,-77.0
1615,2017-06-13,-79.0
1616,2017-06-14,-76.0
1617,2017-06-15,-75.0
1618,2017-06-16,-76.0
1619,2017-06-17,-76.0
1620,2017-06-18,-77.0
1621,2017-06-19,-78.0
1622,2017-06-20,-78.0
1623,2017-06-21,-77.0
1624,2017-06-22,-78.0
1625,2017-06-23,-78.0
1626,2017-06-24,-77.0
1627,2017-06-25,-78.0
1628,2017-06-26,-78.0
1629,2017-06-27,-77.0
1630,2017-06-28,-78.0
1631,2017-06-29,-78.0
1632,2017-06-30,-77.0
1633,2017-07-02,-78.0
1634,2017-07-03,-78.0
1635,2017-07-04,-78.0
1636,2017-07-05,-76.0
1637,2017-07-06,-79.0
1638,2017-07-07,-79.0
1639,2017-07-08,-76.0
1640,2017-07-09,-77.0
1641,2017-07-10,-78.0
1642,2017-07-11,-80.0
1643,2017-07-12,-76.0
1644,2017-07-13,-78.0
1645,2017-07-14,-77.0
1646,2017-07-15,-78.0
1647,2017-07-16,-78.0
1648,2017-07-17,-78.0
1649,2017-07-18,-77.0
1650,2017-07-19,-78.0
1651,2017-07-20,-77.0
1652,2017-07-21,-77.0
1653,2017-07-22,-78.0
1654,2017-07-23,-79.0
1655,2017-07-24,-77.0
1656,2017-07-25,-79.0
1657,2017-07-26,-77.0
1658,2017-07-27,-78.0
1659,2017-07-28,-76.0
1660,2017-07-29,-79.0
1661,2017-07-30,-79.0
1662,2017-07-31,-78.0
1663,2017-08-01,-78.0
1664,2017-08-02,-79.0
1665,2017-08-03,-80.0
1666,2017-08-04,-79.0
1667,2017-08-05,-79.0
1668,2017-08-06,-81.0
1669,2017-08-07,-78.0
1670,2017-08-09,-77.0
1671,2017-08-10,-78.0
1672,2017-08-11,-78.0
1673,2017-08-12,-79.0
1674,2017-08-13,-80.0
1675,2017-08-14,-77.0
1676,2017-08-16,-79.0
1677,2017-08-17,-79.0
1678,2017-08-18,-79.0
1679,2017-08-19,-81.0
1680,2017-08-20,-79.0
1681,2017-08-21,-80.0
1682,2017-08-22,-80.0
1683,2017-08-23,-80.0
1684,2017-08-24,-81.0
1685,2017-08-25,-80.0
1686,2017-08-26,-79.0
1687,2017-08-27,-79.0
1688,2017-08-28,-78.0
1689,2017-08-29,-80.0
1690,2017-08-30,-80.0
1691,2017-08-31,-79.0
1692,2017-09-01,-78.0
1693,2017-09-02,-78.0
1694,2017-09-03,-78.0
1695,2017-09-04,-80.0
1696,2017-09-05,-78.0
1697,2017-09-06,-79.0
1698,2017-09-07,-80.0
1699,2017-09-08,-78.0
1700,2017-09-09,-79.0
1701,2017-09-10,-79.0
1702,2017-09-11,-80.0
1703,2017-09-12,-80.0
1704,2017-09-13,-81.0
1705,2017-09-15,-82.0
1706,2017-09-16,-80.0
1707,2017-09-17,-81.0
1708,2017-09-18,-82.0
1709,2017-09-19,-79.0
1710,2017-09-20,-81.0
1711,2017-09-21,-78.0
1712,2017-09-22,-80.0
1713,2017-09-23,-80.0
1714,2017-09-24,-80.0
1715,2017-09-25,-80.0
1716,2017-09-26,-80.0
1717,2017-09-27,-80.0
1718,2017-09-28,-78.0
1719,2017-09-29,-80.0
1720,2017-09-30,-80.0
1721,2017-10-01,-84.0
1722,2017-10-02,-81.0
1723,2017-10-03,-80.0
1724,2017-10-04,-80.0
1725,2017-10-05,-81.0
1726,2017-10-06,-81.0
1727,2017-10-07,-79.0
1728,2017-10-08,-80.0
1729,2017-10-09,-77.0
1730,2017-10-10,-77.0
1731,2017-10-11,-79.0
1732,2017-10-12,-80.0
1733,2017-10-13,-81.0
1734,2017-10-14,-80.0
1735,2017-10-15,-80.0
1736,2017-10-16,-80.0
1737,2017-10-17,-80.0
1738,2017-10-18,-80.0
1739,2017-10-19,-80.0
1740,2017-10-20,-87.0
1741,2017-10-22,-80.0
1742,2017-10-23,-80.0
1743,2017-10-24,-80.0
1744,2017-10-25,-78.0
1745,2017-10-26,-80.0
1746,2017-10-27,-80.0
1747,2017-10-28,-81.0
1748,2017-10-29,-79.0
1749,2017-10-30,-80.0
1750,2017-10-31,-79.0
1751,2017-11-01,-81.0
1752,2017-11-02,-80.0
1753,2017-11-03,-82.0
1754,2017-11-04,-80.0
1755,2017-11-05,-80.0
1756,2017-11-06,-78.0
1757,2017-11-07,-80.0
1758,2017-11-08,-81.0
1759,2017-11-09,-81.0
1760,2017-11-10,-80.0
1761,2017-11-11,-79.0
1762,2017-11-12,-79.0
1763,2017-11-13,-80.0
1764,2017-11-14,-79.0
1765,2017-11-15,-79.0
1766,2017-11-16,-79.0
1767,2017-11-17,-79.0
1768,2017-11-18,-79.0
1769,2017-11-19,-79.0
1770,2017-11-20,-79.0
1771,2017-11-21,-78.0
1772,2017-11-22,-78.0
1773,2017-11-23,-79.0
1774,2017-11-24,-79.0
1775,2017-11-25,-79.0
1776,2017-11-26,-79.0
1777,2017-11-27,-79.0
1778,2017-11-29,-80.0
1779,2017-11-30,-79.0
1780,2017-12-01,-80.0
1781,2017-12-02,-81.0
1782,2017-12-03,-79.0
1783,2017-12-04,-79.0
1784,2017-12-05,-78.0
1785,2017-12-06,-79.0
1786,2017-12-07,-80.0
1787,2017-12-08,-81.0
1788,2017-12-09,-81.0
1789,2017-12-10,-81.0
1790,2017-12-11,-81.0
1791,2017-12-12,-79.0
1792,2017-12-13,-78.0
1793,2017-12-14,-79.0
1794,2017-12-15,-80.0
1795,2017-12-16,-79.0
1796,2017-12-17,-79.0
1797,2017-12-18,-79.0
1798,2017-12-19,-80.0
1799,2017-12-20,-80.0
1800,2017-12-21,-79.0
1801,2017-12-22,-80.0
1802,2017-12-23,-79.0
1803,2017-12-24,-78.0
1804,2017-12-25,-78.0
1805,2017-12-26,-79.0
1806,2017-12-27,-80.0
1807,2017-12-28,-77.0
1808,2017-12-29,-77.0
1809,2017-12-30,-77.0
1810,2017-12-31,-78.0
1811,2018-01-01,-79.0
1812,2018-01-02,-77.0
1813,2018-01-03,-78.0
1814,2018-01-05,-79.0
1815,2018-01-06,-80.0
1816,2018-01-07,-79.0
1817,2018-01-08,-78.0
1818,2018-01-09,-79.0
1819,2018-01-10,-79.0
1820,2018-01-11,-79.0
1821,2018-01-12,-79.0
1822,2018-01-13,-78.0
1823,2018-01-14,-79.0
1824,2018-01-15,-80.0
1825,2018-01-16,-79.0
1826,2018-01-17,-80.0
1827,2018-01-18,-78.0
1828,2018-01-19,-78.0
1829,2018-01-20,-77.0
1830,2018-01-21,-77.0
1831,2018-01-22,-78.0
1832,2018-01-23,-78.0
1833,2018-01-24,-80.0
1834,2018-01-25,-78.0
1835,2018-01-26,-79.0
1836,2018-01-27,-78.0
1837,2018-01-28,-78.0
1838,2018-01-29,-78.0
1839,2018-01-30,-79.0
1840,2018-01-31,-77.0
1841,2018-02-01,-80.0
1842,2018-02-02,-78.0
1843,2018-02-03,-77.0
1844,2018-02-04,-77.0
1845,2018-02-05,-79.0
1846,2018-02-06,-77.0
1847,2018-02-07,-77.0
1848,2018-02-08,-78.0
1849,2018-02-09,-78.0
1850,2018-02-11,-77.0
1851,2018-02-12,-78.0
1852,2018-02-13,-77.0
1853,2018-02-14,-76.0
1854,2018-02-15,-76.0
1855,2018-02-16,-77.0
1856,2018-02-17,-76.0
1857,2018-02-18,-76.0
1858,2018-02-19,-76.0
1859,2018-02-20,-77.0
1860,2018-02-21,-78.0
1861,2018-02-22,-78.0
1862,2018-02-23,-78.0
1863,2018-02-24,-77.0
1864,2018-02-25,-76.0
1865,2018-02-26,-77.0
1866,2018-02-27,-77.0
